skill,score,count,avg
robustness,492.0,120,4.1
correctness,1217.0,280,4.3464285714285715
efficiency,405.0,99,4.090909090909091
factuality,1347.0,329,4.094224924012158
commonsense,1714.0,384,4.463541666666667
comprehension,2553.0,606,4.212871287128713
insightfulness,630.0,177,3.559322033898305
completeness,854.0,219,3.8995433789954337
metacognition,118.0,40,2.95
readability,1144.0,270,4.237037037037037
conciseness,831.0,214,3.883177570093458
harmlessness,223.0,49,4.551020408163265
